ano,sigla_uf,meta_pct,indicador_pct,origem_meta,origem_indicador,fonte
2023,RO,,,,NAO_COLETADO,INEP_MEC
2024,RO,62.3,62.6,DERIVADO_REGRA_TRAJETORIA,INEP_PUBLICADO,INEP_MEC
2025,RO,65.2,,DERIVADO_REGRA_TRAJETORIA,NAO_COLETADO,INEP_MEC
2026,RO,68.2,,DERIVADO_REGRA_TRAJETORIA,NAO_COLETADO,INEP_MEC
2027,RO,71.1,,DERIVADO_REGRA_TRAJETORIA,NAO_COLETADO,INEP_MEC
2028,RO,74.1,,DERIVADO_REGRA_TRAJETORIA,NAO_COLETADO,INEP_MEC
2029,RO,77.0,,DERIVADO_REGRA_TRAJETORIA,NAO_COLETADO,INEP_MEC
2030,RO,80.0,,DERIVADO_REGRA_TRAJETORIA,NAO_COLETADO,INEP_MEC
2023,AC,,,,NAO_COLETADO,INEP_MEC
2024,AC,52.7,51.4,DERIVADO_REGRA_TRAJETORIA,INEP_PUBLICADO,INEP_MEC
2025,AC,57.2,,DERIVADO_REGRA_TRAJETORIA,NAO_COLETADO,INEP_MEC
2026,AC,61.8,,DERIVADO_REGRA_TRAJETORIA,NAO_COLETADO,INEP_MEC
2027,AC,66.3,,DERIVADO_REGRA_TRAJETORIA,NAO_COLETADO,INEP_MEC
2028,AC,70.9,,DERIVADO_REGRA_TRAJETORIA,NAO_COLETADO,INEP_MEC
2029,AC,75.4,,DERIVADO_REGRA_TRAJETORIA,NAO_COLETADO,INEP_MEC
2030,AC,80.0,,DERIVADO_REGRA_TRAJETORIA,NAO_COLETADO,INEP_MEC
2023,AM,,52.0,,INEP_PUBLICADO,INEP_MEC
2024,AM,56.0,49.2,DERIVADO_REGRA_TRAJETORIA,INEP_PUBLICADO,INEP_MEC
2025,AM,60.0,,DERIVADO_REGRA_TRAJETORIA,NAO_COLETADO,INEP_MEC
2026,AM,64.0,,DERIVADO_REGRA_TRAJETORIA,NAO_COLETADO,INEP_MEC
2027,AM,68.0,,DERIVADO_REGRA_TRAJETORIA,NAO_COLETADO,INEP_MEC
2028,AM,72.0,,DERIVADO_REGRA_TRAJETORIA,NAO_COLETADO,INEP_MEC
2029,AM,76.0,,DERIVADO_REGRA_TRAJETORIA,NAO_COLETADO,INEP_MEC
2030,AM,80.0,,DERIVADO_REGRA_TRAJETORIA,NAO_COLETADO,INEP_MEC
2023,RR,,,,NAO_COLETADO,INEP_MEC
2024,RR,59.3,,DERIVADO_REGRA_TRAJETORIA,NAO_COLETADO,INEP_MEC
2025,RR,62.8,,DERIVADO_REGRA_TRAJETORIA,NAO_COLETADO,INEP_MEC
2026,RR,66.2,,DERIVADO_REGRA_TRAJETORIA,NAO_COLETADO,INEP_MEC
2027,RR,69.7,,DERIVADO_REGRA_TRAJETORIA,NAO_COLETADO,INEP_MEC
2028,RR,73.1,,DERIVADO_REGRA_TRAJETORIA,NAO_COLETADO,INEP_MEC
2029,RR,76.6,,DERIVADO_REGRA_TRAJETORIA,NAO_COLETADO,INEP_MEC
2030,RR,80.0,,DERIVADO_REGRA_TRAJETORIA,NAO_COLETADO,INEP_MEC
2023,PA,,,,NAO_COLETADO,INEP_MEC
2024,PA,49.9,48.2,DERIVADO_REGRA_TRAJETORIA,INEP_PUBLICADO,INEP_MEC
2025,PA,54.9,,DERIVADO_REGRA_TRAJETORIA,NAO_COLETADO,INEP_MEC
2026,PA,59.9,,DERIVADO_REGRA_TRAJETORIA,NAO_COLETADO,INEP_MEC
2027,PA,65.0,,DERIVADO_REGRA_TRAJETORIA,NAO_COLETADO,INEP_MEC
2028,PA,70.0,,DERIVADO_REGRA_TRAJETORIA,NAO_COLETADO,INEP_MEC
2029,PA,75.0,,DERIVADO_REGRA_TRAJETORIA,NAO_COLETADO,INEP_MEC
2030,PA,80.0,,DERIVADO_REGRA_TRAJETORIA,NAO_COLETADO,INEP_MEC
2023,AP,,,,NAO_COLETADO,INEP_MEC
2024,AP,48.5,46.6,DERIVADO_REGRA_TRAJETORIA,INEP_PUBLICADO,INEP_MEC
2025,AP,53.8,,DERIVADO_REGRA_TRAJETORIA,NAO_COLETADO,INEP_MEC
2026,AP,59.0,,DERIVADO_REGRA_TRAJETORIA,NAO_COLETADO,INEP_MEC
2027,AP,64.3,,DERIVADO_REGRA_TRAJETORIA,NAO_COLETADO,INEP_MEC
2028,AP,69.5,,DERIVADO_REGRA_TRAJETORIA,NAO_COLETADO,INEP_MEC
2029,AP,74.8,,DERIVADO_REGRA_TRAJETORIA,NAO_COLETADO,INEP_MEC
2030,AP,80.0,,DERIVADO_REGRA_TRAJETORIA,NAO_COLETADO,INEP_MEC
2023,TO,,,,NAO_COLETADO,INEP_MEC
2024,TO,51.5,50.1,DERIVADO_REGRA_TRAJETORIA,INEP_PUBLICADO,INEP_MEC
2025,TO,56.3,,DERIVADO_REGRA_TRAJETORIA,NAO_COLETADO,INEP_MEC
2026,TO,61.0,,DERIVADO_REGRA_TRAJETORIA,NAO_COLETADO,INEP_MEC
2027,TO,65.8,,DERIVADO_REGRA_TRAJETORIA,NAO_COLETADO,INEP_MEC
2028,TO,70.5,,DERIVADO_REGRA_TRAJETORIA,NAO_COLETADO,INEP_MEC
2029,TO,75.3,,DERIVADO_REGRA_TRAJETORIA,NAO_COLETADO,INEP_MEC
2030,TO,80.0,,DERIVADO_REGRA_TRAJETORIA,NAO_COLETADO,INEP_MEC
2023,MA,,56.0,,INEP_PUBLICADO,INEP_MEC
2024,MA,59.4,59.6,DERIVADO_REGRA_TRAJETORIA,INEP_PUBLICADO,INEP_MEC
2025,MA,62.9,,DERIVADO_REGRA_TRAJETORIA,NAO_COLETADO,INEP_MEC
2026,MA,66.3,,DERIVADO_REGRA_TRAJETORIA,NAO_COLETADO,INEP_MEC
2027,MA,69.7,,DERIVADO_REGRA_TRAJETORIA,NAO_COLETADO,INEP_MEC
2028,MA,73.1,,DERIVADO_REGRA_TRAJETORIA,NAO_COLETADO,INEP_MEC
2029,MA,76.6,,DERIVADO_REGRA_TRAJETORIA,NAO_COLETADO,INEP_MEC
2030,MA,80.0,,DERIVADO_REGRA_TRAJETORIA,NAO_COLETADO,INEP_MEC
2023,PI,,52.0,,INEP_PUBLICADO,INEP_MEC
2024,PI,56.0,59.8,DERIVADO_REGRA_TRAJETORIA,INEP_PUBLICADO,INEP_MEC
2025,PI,60.0,,DERIVADO_REGRA_TRAJETORIA,NAO_COLETADO,INEP_MEC
2026,PI,64.0,,DERIVADO_REGRA_TRAJETORIA,NAO_COLETADO,INEP_MEC
2027,PI,68.0,,DERIVADO_REGRA_TRAJETORIA,NAO_COLETADO,INEP_MEC
2028,PI,72.0,,DERIVADO_REGRA_TRAJETORIA,NAO_COLETADO,INEP_MEC
2029,PI,76.0,,DERIVADO_REGRA_TRAJETORIA,NAO_COLETADO,INEP_MEC
2030,PI,80.0,,DERIVADO_REGRA_TRAJETORIA,NAO_COLETADO,INEP_MEC
2023,CE,,85.0,,INEP_PUBLICADO,INEP_MEC
2024,CE,84.3,85.3,DERIVADO_REGRA_TRAJETORIA,INEP_PUBLICADO,INEP_MEC
2025,CE,83.6,84.0,DERIVADO_REGRA_TRAJETORIA,INEP_PUBLICADO,INEP_MEC
2026,CE,82.9,,DERIVADO_REGRA_TRAJETORIA,NAO_COLETADO,INEP_MEC
2027,CE,82.1,,DERIVADO_REGRA_TRAJETORIA,NAO_COLETADO,INEP_MEC
2028,CE,81.4,,DERIVADO_REGRA_TRAJETORIA,NAO_COLETADO,INEP_MEC
2029,CE,80.7,,DERIVADO_REGRA_TRAJETORIA,NAO_COLETADO,INEP_MEC
2030,CE,80.0,,DERIVADO_REGRA_TRAJETORIA,NAO_COLETADO,INEP_MEC
2023,RN,,37.0,,INEP_PUBLICADO,INEP_MEC
2024,RN,43.1,39.3,DERIVADO_REGRA_TRAJETORIA,INEP_PUBLICADO,INEP_MEC
2025,RN,49.3,,DERIVADO_REGRA_TRAJETORIA,NAO_COLETADO,INEP_MEC
2026,RN,55.4,,DERIVADO_REGRA_TRAJETORIA,NAO_COLETADO,INEP_MEC
2027,RN,61.6,,DERIVADO_REGRA_TRAJETORIA,NAO_COLETADO,INEP_MEC
2028,RN,67.7,,DERIVADO_REGRA_TRAJETORIA,NAO_COLETADO,INEP_MEC
2029,RN,73.9,,DERIVADO_REGRA_TRAJETORIA,NAO_COLETADO,INEP_MEC
2030,RN,80.0,,DERIVADO_REGRA_TRAJETORIA,NAO_COLETADO,INEP_MEC
2023,PB,,,,NAO_COLETADO,INEP_MEC
2024,PB,56.6,56.0,DERIVADO_REGRA_TRAJETORIA,INEP_PUBLICADO,INEP_MEC
2025,PB,60.5,,DERIVADO_REGRA_TRAJETORIA,NAO_COLETADO,INEP_MEC
2026,PB,64.4,,DERIVADO_REGRA_TRAJETORIA,NAO_COLETADO,INEP_MEC
2027,PB,68.3,,DERIVADO_REGRA_TRAJETORIA,NAO_COLETADO,INEP_MEC
2028,PB,72.2,,DERIVADO_REGRA_TRAJETORIA,NAO_COLETADO,INEP_MEC
2029,PB,76.1,,DERIVADO_REGRA_TRAJETORIA,NAO_COLETADO,INEP_MEC
2030,PB,80.0,,DERIVADO_REGRA_TRAJETORIA,NAO_COLETADO,INEP_MEC
2023,PE,,,,NAO_COLETADO,INEP_MEC
2024,PE,60.7,60.8,DERIVADO_REGRA_TRAJETORIA,INEP_PUBLICADO,INEP_MEC
2025,PE,63.9,,DERIVADO_REGRA_TRAJETORIA,NAO_COLETADO,INEP_MEC
2026,PE,67.1,,DERIVADO_REGRA_TRAJETORIA,NAO_COLETADO,INEP_MEC
2027,PE,70.4,,DERIVADO_REGRA_TRAJETORIA,NAO_COLETADO,INEP_MEC
2028,PE,73.6,,DERIVADO_REGRA_TRAJETORIA,NAO_COLETADO,INEP_MEC
2029,PE,76.8,,DERIVADO_REGRA_TRAJETORIA,NAO_COLETADO,INEP_MEC
2030,PE,80.0,,DERIVADO_REGRA_TRAJETORIA,NAO_COLETADO,INEP_MEC
2023,AL,,,,NAO_COLETADO,INEP_MEC
2024,AL,50.3,48.6,DERIVADO_REGRA_TRAJETORIA,INEP_PUBLICADO,INEP_MEC
2025,AL,55.2,,DERIVADO_REGRA_TRAJETORIA,NAO_COLETADO,INEP_MEC
2026,AL,60.2,,DERIVADO_REGRA_TRAJETORIA,NAO_COLETADO,INEP_MEC
2027,AL,65.1,,DERIVADO_REGRA_TRAJETORIA,NAO_COLETADO,INEP_MEC
2028,AL,70.1,,DERIVADO_REGRA_TRAJETORIA,NAO_COLETADO,INEP_MEC
2029,AL,75.0,,DERIVADO_REGRA_TRAJETORIA,NAO_COLETADO,INEP_MEC
2030,AL,80.0,,DERIVADO_REGRA_TRAJETORIA,NAO_COLETADO,INEP_MEC
2023,SE,,31.0,,INEP_PUBLICADO,INEP_MEC
2024,SE,38.0,38.4,DERIVADO_REGRA_TRAJETORIA,INEP_PUBLICADO,INEP_MEC
2025,SE,45.0,,DERIVADO_REGRA_TRAJETORIA,NAO_COLETADO,INEP_MEC
2026,SE,52.0,,DERIVADO_REGRA_TRAJETORIA,NAO_COLETADO,INEP_MEC
2027,SE,59.0,,DERIVADO_REGRA_TRAJETORIA,NAO_COLETADO,INEP_MEC
2028,SE,66.0,,DERIVADO_REGRA_TRAJETORIA,NAO_COLETADO,INEP_MEC
2029,SE,73.0,,DERIVADO_REGRA_TRAJETORIA,NAO_COLETADO,INEP_MEC
2030,SE,80.0,,DERIVADO_REGRA_TRAJETORIA,NAO_COLETADO,INEP_MEC
2023,BA,,37.0,,INEP_PUBLICADO,INEP_MEC
2024,BA,43.1,36.0,DERIVADO_REGRA_TRAJETORIA,INEP_PUBLICADO,INEP_MEC
2025,BA,49.3,,DERIVADO_REGRA_TRAJETORIA,NAO_COLETADO,INEP_MEC
2026,BA,55.4,,DERIVADO_REGRA_TRAJETORIA,NAO_COLETADO,INEP_MEC
2027,BA,61.6,,DERIVADO_REGRA_TRAJETORIA,NAO_COLETADO,INEP_MEC
2028,BA,67.7,,DERIVADO_REGRA_TRAJETORIA,NAO_COLETADO,INEP_MEC
2029,BA,73.9,,DERIVADO_REGRA_TRAJETORIA,NAO_COLETADO,INEP_MEC
2030,BA,80.0,,DERIVADO_REGRA_TRAJETORIA,NAO_COLETADO,INEP_MEC
2023,MG,,,,NAO_COLETADO,INEP_MEC
2024,MG,70.4,72.1,DERIVADO_REGRA_TRAJETORIA,INEP_PUBLICADO,INEP_MEC
2025,MG,72.0,,DERIVADO_REGRA_TRAJETORIA,NAO_COLETADO,INEP_MEC
2026,MG,73.6,,DERIVADO_REGRA_TRAJETORIA,NAO_COLETADO,INEP_MEC
2027,MG,75.2,,DERIVADO_REGRA_TRAJETORIA,NAO_COLETADO,INEP_MEC
2028,MG,76.8,,DERIVADO_REGRA_TRAJETORIA,NAO_COLETADO,INEP_MEC
2029,MG,78.4,,DERIVADO_REGRA_TRAJETORIA,NAO_COLETADO,INEP_MEC
2030,MG,80.0,,DERIVADO_REGRA_TRAJETORIA,NAO_COLETADO,INEP_MEC
2023,ES,,68.0,,INEP_PUBLICADO,INEP_MEC
2024,ES,69.7,71.7,DERIVADO_REGRA_TRAJETORIA,INEP_PUBLICADO,INEP_MEC
2025,ES,71.4,,DERIVADO_REGRA_TRAJETORIA,NAO_COLETADO,INEP_MEC
2026,ES,73.1,,DERIVADO_REGRA_TRAJETORIA,NAO_COLETADO,INEP_MEC
2027,ES,74.9,,DERIVADO_REGRA_TRAJETORIA,NAO_COLETADO,INEP_MEC
2028,ES,76.6,,DERIVADO_REGRA_TRAJETORIA,NAO_COLETADO,INEP_MEC
2029,ES,78.3,,DERIVADO_REGRA_TRAJETORIA,NAO_COLETADO,INEP_MEC
2030,ES,80.0,,DERIVADO_REGRA_TRAJETORIA,NAO_COLETADO,INEP_MEC
2023,RJ,,52.0,,INEP_PUBLICADO,INEP_MEC
2024,RJ,56.0,55.3,DERIVADO_REGRA_TRAJETORIA,INEP_PUBLICADO,INEP_MEC
2025,RJ,60.0,,DERIVADO_REGRA_TRAJETORIA,NAO_COLETADO,INEP_MEC
2026,RJ,64.0,,DERIVADO_REGRA_TRAJETORIA,NAO_COLETADO,INEP_MEC
2027,RJ,68.0,,DERIVADO_REGRA_TRAJETORIA,NAO_COLETADO,INEP_MEC
2028,RJ,72.0,,DERIVADO_REGRA_TRAJETORIA,NAO_COLETADO,INEP_MEC
2029,RJ,76.0,,DERIVADO_REGRA_TRAJETORIA,NAO_COLETADO,INEP_MEC
2030,RJ,80.0,,DERIVADO_REGRA_TRAJETORIA,NAO_COLETADO,INEP_MEC
2023,SP,,52.0,,INEP_PUBLICADO,INEP_MEC
2024,SP,56.0,58.1,DERIVADO_REGRA_TRAJETORIA,INEP_PUBLICADO,INEP_MEC
2025,SP,60.0,,DERIVADO_REGRA_TRAJETORIA,NAO_COLETADO,INEP_MEC
2026,SP,64.0,,DERIVADO_REGRA_TRAJETORIA,NAO_COLETADO,INEP_MEC
2027,SP,68.0,,DERIVADO_REGRA_TRAJETORIA,NAO_COLETADO,INEP_MEC
2028,SP,72.0,,DERIVADO_REGRA_TRAJETORIA,NAO_COLETADO,INEP_MEC
2029,SP,76.0,,DERIVADO_REGRA_TRAJETORIA,NAO_COLETADO,INEP_MEC
2030,SP,80.0,,DERIVADO_REGRA_TRAJETORIA,NAO_COLETADO,INEP_MEC
2023,PR,,73.0,,INEP_PUBLICADO,INEP_MEC
2024,PR,74.0,70.4,DERIVADO_REGRA_TRAJETORIA,INEP_PUBLICADO,INEP_MEC
2025,PR,75.0,80.0,DERIVADO_REGRA_TRAJETORIA,INEP_PUBLICADO,INEP_MEC
2026,PR,76.0,,DERIVADO_REGRA_TRAJETORIA,NAO_COLETADO,INEP_MEC
2027,PR,77.0,,DERIVADO_REGRA_TRAJETORIA,NAO_COLETADO,INEP_MEC
2028,PR,78.0,,DERIVADO_REGRA_TRAJETORIA,NAO_COLETADO,INEP_MEC
2029,PR,79.0,,DERIVADO_REGRA_TRAJETORIA,NAO_COLETADO,INEP_MEC
2030,PR,80.0,,DERIVADO_REGRA_TRAJETORIA,NAO_COLETADO,INEP_MEC
2023,SC,,,,NAO_COLETADO,INEP_MEC
2024,SC,61.7,62.0,DERIVADO_REGRA_TRAJETORIA,INEP_PUBLICADO,INEP_MEC
2025,SC,64.8,59.0,DERIVADO_REGRA_TRAJETORIA,INEP_PUBLICADO,INEP_MEC
2026,SC,67.8,,DERIVADO_REGRA_TRAJETORIA,NAO_COLETADO,INEP_MEC
2027,SC,70.9,,DERIVADO_REGRA_TRAJETORIA,NAO_COLETADO,INEP_MEC
2028,SC,73.9,,DERIVADO_REGRA_TRAJETORIA,NAO_COLETADO,INEP_MEC
2029,SC,77.0,,DERIVADO_REGRA_TRAJETORIA,NAO_COLETADO,INEP_MEC
2030,SC,80.0,,DERIVADO_REGRA_TRAJETORIA,NAO_COLETADO,INEP_MEC
2023,RS,,63.4,,INEP_PUBLICADO,INEP_MEC
2024,RS,65.8,44.7,DERIVADO_REGRA_TRAJETORIA,INEP_PUBLICADO,INEP_MEC
2025,RS,68.1,,DERIVADO_REGRA_TRAJETORIA,NAO_COLETADO,INEP_MEC
2026,RS,70.5,,DERIVADO_REGRA_TRAJETORIA,NAO_COLETADO,INEP_MEC
2027,RS,72.9,,DERIVADO_REGRA_TRAJETORIA,NAO_COLETADO,INEP_MEC
2028,RS,75.3,,DERIVADO_REGRA_TRAJETORIA,NAO_COLETADO,INEP_MEC
2029,RS,77.6,,DERIVADO_REGRA_TRAJETORIA,NAO_COLETADO,INEP_MEC
2030,RS,80.0,,DERIVADO_REGRA_TRAJETORIA,NAO_COLETADO,INEP_MEC
2023,MS,,,,NAO_COLETADO,INEP_MEC
2024,MS,56.5,55.9,DERIVADO_REGRA_TRAJETORIA,INEP_PUBLICADO,INEP_MEC
2025,MS,60.4,,DERIVADO_REGRA_TRAJETORIA,NAO_COLETADO,INEP_MEC
2026,MS,64.3,,DERIVADO_REGRA_TRAJETORIA,NAO_COLETADO,INEP_MEC
2027,MS,68.3,,DERIVADO_REGRA_TRAJETORIA,NAO_COLETADO,INEP_MEC
2028,MS,72.2,,DERIVADO_REGRA_TRAJETORIA,NAO_COLETADO,INEP_MEC
2029,MS,76.1,,DERIVADO_REGRA_TRAJETORIA,NAO_COLETADO,INEP_MEC
2030,MS,80.0,,DERIVADO_REGRA_TRAJETORIA,NAO_COLETADO,INEP_MEC
2023,MT,,,,NAO_COLETADO,INEP_MEC
2024,MT,60.5,60.6,DERIVADO_REGRA_TRAJETORIA,INEP_PUBLICADO,INEP_MEC
2025,MT,63.8,,DERIVADO_REGRA_TRAJETORIA,NAO_COLETADO,INEP_MEC
2026,MT,67.0,,DERIVADO_REGRA_TRAJETORIA,NAO_COLETADO,INEP_MEC
2027,MT,70.3,,DERIVADO_REGRA_TRAJETORIA,NAO_COLETADO,INEP_MEC
2028,MT,73.5,,DERIVADO_REGRA_TRAJETORIA,NAO_COLETADO,INEP_MEC
2029,MT,76.8,,DERIVADO_REGRA_TRAJETORIA,NAO_COLETADO,INEP_MEC
2030,MT,80.0,,DERIVADO_REGRA_TRAJETORIA,NAO_COLETADO,INEP_MEC
2023,GO,,,,NAO_COLETADO,INEP_MEC
2024,GO,70.9,72.7,DERIVADO_REGRA_TRAJETORIA,INEP_PUBLICADO,INEP_MEC
2025,GO,72.4,80.0,DERIVADO_REGRA_TRAJETORIA,INEP_PUBLICADO,INEP_MEC
2026,GO,73.9,,DERIVADO_REGRA_TRAJETORIA,NAO_COLETADO,INEP_MEC
2027,GO,75.5,,DERIVADO_REGRA_TRAJETORIA,NAO_COLETADO,INEP_MEC
2028,GO,77.0,,DERIVADO_REGRA_TRAJETORIA,NAO_COLETADO,INEP_MEC
2029,GO,78.5,,DERIVADO_REGRA_TRAJETORIA,NAO_COLETADO,INEP_MEC
2030,GO,80.0,,DERIVADO_REGRA_TRAJETORIA,NAO_COLETADO,INEP_MEC
2023,DF,,,,NAO_COLETADO,INEP_MEC
2024,DF,59.3,59.1,DERIVADO_REGRA_TRAJETORIA,INEP_PUBLICADO,INEP_MEC
2025,DF,62.7,,DERIVADO_REGRA_TRAJETORIA,NAO_COLETADO,INEP_MEC
2026,DF,66.2,,DERIVADO_REGRA_TRAJETORIA,NAO_COLETADO,INEP_MEC
2027,DF,69.6,,DERIVADO_REGRA_TRAJETORIA,NAO_COLETADO,INEP_MEC
2028,DF,73.1,,DERIVADO_REGRA_TRAJETORIA,NAO_COLETADO,INEP_MEC
2029,DF,76.5,,DERIVADO_REGRA_TRAJETORIA,NAO_COLETADO,INEP_MEC
2030,DF,80.0,,DERIVADO_REGRA_TRAJETORIA,NAO_COLETADO,INEP_MEC
